time,temperature,humidity,status,advice
2026-09-26 22:03:54,22,50,正常,"当前温湿度适宜，请继续保持良好通风。"
2026-09-26 22:04:00,16,35,偏冷,"当前环境温度较低且空气偏干，建议注意保暖，并适当增加空气湿度。"
2026-09-26 22:04:07,16,80,偏冷,"当前环境低温高湿，可能产生阴冷感，建议加强保暖并保持通风。"
2026-09-26 22:04:11,32,35,偏热,"当前温度较高且空气偏干，建议适当降温，同时避免环境过度干燥。"
2026-09-26 22:04:14,32,85,偏热,"当前环境高温高湿，容易产生闷热感，建议加强通风并降低湿度。"
2026-09-26 22:04:22,25,30,正常,"当前温度适宜，但空气偏干，建议适当增加环境湿度。"
2026-09-26 22:04:27,25,80,偏湿,"当前温度适宜，但空气湿度较高，建议加强通风或进行除湿。"
2026-09-26 22:04:32,28,60,正常,"当前温湿度适宜，请继续保持良好通风。"
2026-09-26 22:04:38,35,50,偏热,"当前温度较高，湿度正常，建议保持空气流通并降低室内温度。"
