nodeId,temperature,humidity,status,time,source
dorm-a,23,48,正常,2026-09-28T00:00:00.000Z,模拟历史样本
dorm-a,23.7,61,正常,2026-09-28T00:30:00.000Z,模拟历史样本
dorm-a,24.4,53,正常,2026-09-28T01:00:00.000Z,模拟历史样本
dorm-a,25.1,66,正常,2026-09-28T01:30:00.000Z,模拟历史样本
dorm-a,25.8,58,正常,2026-09-28T02:00:00.000Z,模拟历史样本
dorm-a,26.5,50,正常,2026-09-28T02:30:00.000Z,模拟历史样本
dorm-a,23.5,63,正常,2026-09-28T03:00:00.000Z,模拟历史样本
dorm-a,24.2,55,正常,2026-09-28T03:30:00.000Z,模拟历史样本
dorm-a,24.9,68,正常,2026-09-28T04:00:00.000Z,模拟历史样本
dorm-a,25.6,60,正常,2026-09-28T04:30:00.000Z,模拟历史样本
dorm-a,26.3,52,正常,2026-09-28T05:00:00.000Z,模拟历史样本
dorm-a,23.3,65,正常,2026-09-28T05:30:00.000Z,模拟历史样本
dorm-a,24,57,正常,2026-09-28T06:00:00.000Z,模拟历史样本
dorm-a,24.7,49,正常,2026-09-28T06:30:00.000Z,模拟历史样本
dorm-a,25.4,62,正常,2026-09-28T07:00:00.000Z,模拟历史样本
dorm-a,26.1,54,正常,2026-09-28T07:30:00.000Z,模拟历史样本
dorm-a,23.1,67,正常,2026-09-28T08:00:00.000Z,模拟历史样本
dorm-a,23.8,59,正常,2026-09-28T08:30:00.000Z,模拟历史样本
dorm-a,24.5,51,正常,2026-09-28T09:00:00.000Z,模拟历史样本
dorm-a,25.2,64,正常,2026-09-28T09:30:00.000Z,模拟历史样本
dorm-a,25.9,56,正常,2026-09-28T10:00:00.000Z,模拟历史样本
dorm-a,26.6,48,正常,2026-09-28T10:30:00.000Z,模拟历史样本
dorm-a,23.6,61,正常,2026-09-28T11:00:00.000Z,模拟历史样本
dorm-a,24.3,53,正常,2026-09-28T11:30:00.000Z,模拟历史样本
dorm-a,25,66,正常,2026-09-28T12:00:00.000Z,模拟历史样本
dorm-a,25.7,58,正常,2026-09-28T12:30:00.000Z,模拟历史样本
dorm-a,26.4,50,正常,2026-09-28T13:00:00.000Z,模拟历史样本
dorm-a,23.4,63,正常,2026-09-28T13:30:00.000Z,模拟历史样本
dorm-a,24.1,55,正常,2026-09-28T14:00:00.000Z,模拟历史样本
dorm-a,24.8,68,正常,2026-09-28T14:30:00.000Z,模拟历史样本
dorm-a,25.5,60,正常,2026-09-28T15:00:00.000Z,模拟历史样本
dorm-a,26.2,52,正常,2026-09-28T15:30:00.000Z,模拟历史样本
dorm-a,23.2,65,正常,2026-09-28T16:00:00.000Z,模拟历史样本
dorm-a,23.9,57,正常,2026-09-28T16:30:00.000Z,模拟历史样本
dorm-a,24.6,49,正常,2026-09-28T17:00:00.000Z,模拟历史样本
dorm-a,25.3,62,正常,2026-09-28T17:30:00.000Z,模拟历史样本
dorm-a,26,54,正常,2026-09-28T18:00:00.000Z,模拟历史样本
dorm-a,23,67,正常,2026-09-28T18:30:00.000Z,模拟历史样本
dorm-a,23.7,59,正常,2026-09-28T19:00:00.000Z,模拟历史样本
dorm-a,24.4,51,正常,2026-09-28T19:30:00.000Z,模拟历史样本
